fine_dust,O3,region,heavy_metal,traffic,num_of_factories,num_of_power_plants,num_of_people,household_waste_discharge_per_person (kg/days),wind_speed,wind_direction,rainfall(mm),C,avg_O3,avg_fine_dust
0,1,강원도강릉시,0.9711,37.4,450 ,2,213321 ,1.3,6.295,64.02192,42.53333,14.6,0.035,38.83333333
0,1,강원도고성군,0.9711,38.4,81 ,0,26757 ,2.4,3.81,-27.4523,37.68333,13.2,0.035,34
0,0,강원도동해시,0.9711,36,257 ,4,90593 ,1.6,6.295,64.02192,32.91667,13.5,0.027,35.75
0,0,강원도삼척시,0.4728,35.9,107 ,2,65243 ,2.9,6.295,64.02192,32.91667,13.5,0.027,28
0,1,강원도속초시,0.9711,34.8,141 ,0,82665 ,1.4,6.295,-27.4523,37.68333,13.2,0.034,39.25
0,0,강원도양구군,0.9108,36.2,70 ,0,22278 ,1.6,3.81,-27.4523,51.7,11.4,0.029,40
0,1,강원도양양군,0.9711,35.5,99 ,0,27946 ,2.6,6.295,-27.4523,42.61667,14.6,0.037,33.4
0,0,강원도영월군,0.4728,36.8,148 ,0,38662 ,1.2,6.295,64.02192,43.41667,12.1,0.028,37.16666667
0,0,강원도원주시,0.7952,38.3,995 ,0,354376 ,1.3,6.295,64.02192,33.68333,13,0.024,42.33333333
0,1,강원도인제군,0.9108,38.9,86 ,0,31694 ,1.6,3.81,-27.4523,44.93333,11.4,0.032,34.83333333
0,1,강원도정선군,0.4728,37.4,94 ,0,36870 ,1.4,6.295,64.02192,49.25,11.4,0.036,41.83333333
1,1,강원도철원군,0.7122,37.3,110 ,0,44699 ,1.3,3.81,-27.4523,48.15,11.3,0.033,43.33333333
0,0,강원도춘천시,0.9108,37,549 ,0,282765 ,0.9,3.81,-27.4523,56.53333,12.4,0.026,43.2
0,1,강원도태백시,0.4728,41.4,91 ,0,42719 ,2.2,6.295,64.02192,42.61667,9.5,0.038,32.16666667
1,0,강원도평창군,0.4728,36.3,113 ,0,41681 ,2.1,6.295,64.02192,36.9,7.9,0.028,45
1,0,강원도홍천군,0.9108,40.9,165 ,0,69242 ,1.8,3.81,-27.4523,48.03333,11.8,0.022,47
0,0,강원도화천군,0.997,37.7,51 ,0,24857 ,2.1,3.81,-27.4523,51.7,12.4,0.028,37.4
0,0,강원도횡성군,0.9108,38.5,243 ,0,46472 ,1.5,6.295,64.02192,48.03333,13,0.02,42.83333333
0,0,경기도가평군,0.7122,38.4,152 ,0,62377 ,1.8,3.578333,-70.8791,49.3,12.4,0.026,42.83333333
1,0,경기도고양시,0.997,36.6,458 ,2,1079216 ,0.8,3.578333,-70.8791,51.93333,11.5,0.026,48.5
1,0,경기도과천시,0.9249,33.6,12 ,0,63231 ,1.6,3.901667,-27.1287,51.93333,13.7,0.021,51
1,0,경기도광명시,0.9249,35.8,650 ,0,298599 ,1.6,3.901667,-27.1287,44.61667,13.7,0.023,57.33333333
1,0,경기도광주시,0.903,45.8,2444 ,0,382054 ,0.7,3.901667,-27.1287,49.3,12.7,0.016,53.66666667
1,0,경기도구리시,0.903,37.4,107 ,0,197454 ,1,3.578333,-70.8791,51.93333,13.7,0.027,47.83333333
1,0,경기도군포시,0.903,38.8,1509 ,0,273791 ,0.5,3.901667,-27.1287,50.73333,13.4,0.023,49
1,0,경기도김포시,0.997,40.8,7209 ,0,473970 ,0.6,3.578333,-70.8791,51.93333,11.5,0.029,54.66666667
1,0,경기도남양주시,0.997,40.4,2598 ,0,713321 ,1,3.578333,-70.8791,50.91667,13.7,0.02,47.66666667
0,0,경기도동두천시,0.903,37.2,214 ,2,94353 ,2.4,3.578333,-70.8791,50.91667,12.1,0.026,42
1,0,경기도부천시,0.903,35.8,3357 ,1,818383 ,1.2,3.901667,-27.1287,50.73333,13.7,0.025,56.66666667
1,0,경기도성남시,0.903,36.3,1129 ,1,940064 ,0.5,3.901667,-27.1287,50.73333,13.7,0.023,46.66666667
1,0,경기도수원시,0.903,36.6,317 ,0,1186078 ,1.1,3.901667,-27.1287,50.73333,13.4,0.019,50.83333333
1,0,경기도시흥시,1.0695,39.6,6176 ,0,500895 ,0.5,3.901667,-27.1287,50.73333,13.4,0.022,55.4
1,1,경기도안산시,1.1711,39,3462 ,1,654915 ,0.4,3.901667,-27.1287,50.73333,13.4,0.03,51.16666667
1,0,경기도안성시,0.9249,42.4,2156 ,0,187012 ,1.9,3.901667,-27.1287,50.73333,12.5,0.027,54
1,0,경기도안양시,0.9249,37.9,836 ,1,550027 ,0.2,3.901667,-27.1287,50.73333,11.5,0.02,51.33333333
1,0,경기도양주시,0.9249,40.5,2556 ,0,230359 ,2.9,3.578333,-70.8791,50.91667,12.1,0.025,47.66666667
1,0,경기도양평군,0.9249,39.6,153 ,0,118810 ,4.4,3.901667,-27.1287,49.3,12.7,0.017,49.83333333
1,0,경기도여주시,0.9249,48.2,792 ,0,111897 ,2.2,3.901667,-27.1287,44.61667,12.7,0.021,52.83333333
0,0,경기도연천군,0.997,57.8,170 ,0,43516 ,1.9,3.578333,-70.8791,50.91667,11.5,0.027,41.66666667
1,0,경기도오산시,0.9249,36.7,251 ,1,229725 ,1.2,3.901667,-27.1287,50.73333,13.4,0.022,46.5
1,0,경기도용인시,0.9249,38.4,845 ,0,1074176 ,0.5,3.901667,-27.1287,50.73333,13.7,0.019,50.5
1,0,경기도의왕시,0.9249,37.7,643 ,0,163795 ,7.2,3.901667,-27.1287,50.73333,13.7,0.015,47.4
1,0,경기도의정부시,0.997,37.6,239 ,0,461710 ,0.2,3.578333,-70.8791,51.93333,13.7,0.025,44.16666667
1,0,경기도이천시,0.9249,41.6,1174 ,0,218388 ,6.4,3.901667,-27.1287,44.61667,12.7,0.027,49.83333333
1,0,경기도파주시,0.997,40.3,4740 ,0,465617 ,1.7,3.578333,-70.8791,51.93333,11.5,0.024,52.16666667
1,0,경기도평택시,0.9657,39.4,2239 ,3,537307 ,1.8,3.901667,-27.1287,50.73333,12.5,0.026,53.83333333
1,0,경기도포천시,0.997,46.5,3369 ,0,147274 ,2.5,3.578333,-70.8791,50.91667,12.1,0.028,47
1,0,경기도하남시,0.9249,39.3,714 ,0,293452 ,1.2,3.901667,-27.1287,64.28333,13.7,0.019,50
1,0,경기도화성시,0.9249,39.6,11446 ,0,855248 ,0.8,3.901667,-27.1287,50.73333,13.4,0.025,50.83333333
0,1,경상남도거제시,0.4668,34.1,141 ,0,245754 ,1.5,4.186667,50.10041,80.55,15.2,0.035,36.25
0,1,경상남도거창군,0.4668,35.5,176 ,0,61502 ,1.6,4.186667,50.10041,33.16667,12.8,0.033,38.5
0,1,경상남도고성군,0.6573,37.7,203 ,6,51361 ,0.6,4.186667,50.10041,52.81667,15.2,0.033,33.5
0,1,경상남도김해시,0.6573,38,6594 ,0,542338 ,1.2,4.186667,50.10041,61.13333,15.1,0.03,39.66666667
0,1,경상남도남해군,0.2509,36.3,70 ,0,42958 ,1.5,4.186667,50.10041,83.91667,15.1,0.031,34.16666667
0,0,경상남도밀양시,0.6217,41.4,480 ,0,104831 ,1.1,4.186667,50.10041,52.3,14.5,0.029,39.66666667
0,1,경상남도사천시,0.2509,37,526 ,0,111105 ,1.4,4.186667,50.10041,52.81667,15.1,0.03,36
0,1,경상남도산청군,0.2509,41.5,127 ,0,34857 ,1.2,4.186667,50.10041,42.46667,13.6,0.035,30.16666667
0,0,경상남도양산시,0.4668,41.1,2342 ,0,352229 ,1.3,4.186667,50.10041,66.3,15.4,0.025,38.66666667
0,1,경상남도의령군,0.2509,40.3,199 ,0,26800 ,2,4.186667,50.10041,45,14.3,0.034,30
0,0,경상남도진주시,0.2509,39.5,1173 ,0,348096 ,1.3,4.186667,50.10041,52.81667,14.1,0.026,36.5
0,0,경상남도창녕군,0.6217,37,479 ,0,61301 ,1.1,4.186667,50.10041,66.68333,14.5,0.029,35.33333333
0,1,경상남도창원시,0.6573,37.5,910 ,0,1036738 ,1.2,4.186667,50.10041,62.78333,14.9,0.032,34.66666667
0,1,경상남도통영시,0.6573,35.8,162 ,0,128293 ,4.1,4.186667,50.10041,69.4,15.6,0.032,35.66666667
0,1,경상남도하동군,0.2509,37.4,155 ,8,44785 ,0.9,4.186667,50.10041,47.18333,14.1,0.036,35.66666667
0,0,경상남도함안군,0.6573,44.8,1951 ,0,64182 ,1,4.186667,50.10041,66.68333,14.3,0.029,38.16666667
0,1,경상남도함양군,0.4728,37.2,142 ,0,39080 ,1.7,4.186667,50.10041,31.4,13.3,0.036,33.5
0,1,경상남도합천군,0.4728,37,121 ,0,44006 ,1.5,4.186667,50.10041,37.83333,13.9,0.031,30.33333333
1,0,경상북도경산시,0.4728,36.2,2415 ,0,263728 ,1.2,4.186667,-42.484,32.66667,14.6,0.026,45.83333333
0,0,경상북도경주시,0.4728,37.7,2127 ,0,253502 ,1.1,4.186667,-42.484,32.66667,13.9,0.027,38.33333333
0,1,경상북도고령군,0.4728,39.3,867 ,0,31361 ,2.9,6.226667,-42.484,32.66667,14.6,0.032,40.5
1,0,경상북도구미시,0.4728,36.2,2753 ,1,416328 ,1.1,6.226667,-42.484,32.96667,13.9,0.029,53.5
0,1,경상북도군위군,0.4728,39.2,187 ,0,23256 ,2.4,6.226667,-42.484,32.96667,12.4,0.041,35.83333333
1,1,경상북도김천시,0.4728,36.5,522 ,0,140548 ,1.2,6.226667,-42.484,32.96667,13.9,0.033,44
0,1,경상북도문경시,0.4728,36.3,278 ,0,71406 ,1.7,6.226667,-42.484,43.93333,12.5,0.041,40
0,1,경상북도봉화군,0.4728,36.4,77 ,0,31494 ,1.5,6.226667,-42.484,43.16667,10,0.035,33.5
1,1,경상북도상주시,0.4728,38.1,277 ,0,97228 ,1.3,6.226667,-42.484,37.45,13.2,0.033,45.16666667
0,1,경상북도성주군,0.4728,40.1,998 ,0,43414 ,1.5,6.226667,-42.484,32.96667,14.6,0.036,37.16666667
0,1,경상북도안동시,0.4728,38.2,326 ,0,158907 ,1.5,6.226667,-42.484,45.61667,12.7,0.03,40
0,1,경상북도영덕군,0.4728,37.5,134 ,0,36313 ,2,6.226667,-42.484,30.63333,13.5,0.045,33.6
0,1,경상북도영양군,0.4728,35.7,25 ,0,16692 ,1.6,6.226667,-42.484,45.61667,15.2,0.046,35.5
1,1,경상북도영주시,0.4728,35.2,282 ,0,103119 ,1.6,6.226667,-42.484,54.75,12,0.036,49.66666667
0,1,경상북도영천시,0.4728,40.2,1169 ,0,102015 ,1.5,6.226667,-42.484,37.88333,13.3,0.031,40.33333333
0,1,경상북도예천군,0.4728,38.5,81 ,0,55613 ,0.7,6.226667,-42.484,45.61667,12,0.044,39.16666667
0,1,경상북도울릉군,0.4728,25.2,14 ,0,9077 ,1.7,6.226667,-42.484,101.95,13.5,0.044,33.66666667
0,1,경상북도울진군,0.4728,37.5,144 ,0,48716 ,1.9,6.226667,-42.484,35.96667,13.5,0.034,34.16666667
0,1,경상북도의성군,0.4728,37.8,148 ,0,51724 ,1.3,6.226667,-42.484,40.41667,12.4,0.041,34.5
0,1,경상북도청도군,0.4728,35.9,181 ,0,42263 ,0.8,6.226667,-42.484,32.66667,11.5,0.03,39.5
0,1,경상북도청송군,0.4728,37.6,26 ,0,25044 ,1.6,6.226667,-42.484,40.4,15.2,0.048,34.66666667
1,0,경상북도칠곡군,0.4728,40.2,1276 ,0,114758 ,2.2,6.226667,-42.484,32.96667,14.6,0.028,45.66666667
1,1,경상북도포항시,1.0742,41.4,569 ,0,502916 ,1.5,6.226667,-42.484,36.86667,14.9,0.031,45.66666667
1,0,광주광역시광산구,1.3157,41,2718 ,0,405579 ,1,3.455,59.93567,44.61667,15.1,0.025,44.3995
0,0,광주광역시남 구,0.9372,36.3,132 ,0,214579 ,0.8,3.455,59.93567,44.61667,15.1,0.024,41.18808
0,1,광주광역시동 구,0.8117,36.2,171 ,0,102897 ,1,3.455,59.93567,44.61667,15.1,0.031,37.34611
0,1,광주광역시북 구,1.2136,38.6,1117 ,0,430431 ,0.9,3.455,59.93567,44.61667,15.1,0.031,42.89497
1,0,광주광역시서 구,1.1258,36.2,366 ,0,296576 ,0.9,3.455,59.93567,44.61667,15.1,0.025,43.5307
1,0,대구광역시남 구,0.688,34,60 ,0,146632 ,1.3,4.298333,8.348843,32.66667,14.6,0.026,45.78131
0,0,대구광역시달서구,0.6993,37.1,2751 ,0,558631 ,1.1,4.298333,8.348843,32.66667,14.6,0.027,43.00259
1,1,대구광역시달성군,0.6993,39,1915 ,0,259339 ,1.2,4.298333,8.348843,32.66667,14.6,0.032,43.62319
1,0,대구광역시동 구,0.6993,38.4,387 ,0,341920 ,1.2,4.298333,8.348843,32.66667,14.6,0.023,45.26431
0,0,대구광역시북 구,0.6993,38,1936 ,0,440263 ,1.2,4.298333,8.348843,32.66667,14.6,0.026,40.69734
1,0,대구광역시서 구,0.6912,36.4,941 ,0,170700 ,2.4,4.298333,8.348843,32.66667,14.6,0.024,45.67113
0,0,대구광역시수성구,0.6604,34.5,66 ,0,424314 ,1.1,4.298333,8.348843,32.66667,14.6,0.026,41.61106
0,0,대구광역시중 구,0.6993,38.2,162 ,0,76547 ,1.9,4.298333,8.348843,32.66667,14.6,0.027,41.7159
1,0,대전광역시대덕구,1.4128,42.5,1257 ,0,176384 ,1.3,5.465,-78.1077,37.7,14.3,0.018,48.22015
0,0,대전광역시동 구,0.817,38,371 ,0,223021 ,0.9,5.465,-78.1077,37.7,14.3,0.023,43.05268
1,0,대전광역시서 구,0.6533,35.1,195 ,0,477880 ,0.9,5.465,-78.1077,37.7,14.3,0.026,43.75031
0,0,대전광역시유성구,0.6935,36.7,1540 ,0,351047 ,1.1,5.465,-78.1077,37.7,14.3,0.026,42.56493
1,0,대전광역시중 구,0.817,37.9,125 ,0,235550 ,1,5.465,-78.1077,37.7,14.3,0.026,45.39896
1,0,부산광역시강서구,0.681,42.8,4358 ,0,137957 ,2.2,3.763333,-12.6015,59.4,15.7,0.026,43.24349
0,0,부산광역시금정구,0.7594,42.8,411 ,0,232666 ,1.1,3.763333,-12.6015,59.4,15.7,0.027,33.42834
0,1,부산광역시기장군,0.681,41.8,868 ,0,174545 ,1,3.763333,-12.6015,59.4,15.7,0.034,34.5945
0,1,부산광역시남 구,0.681,39.9,236 ,0,267731 ,1,3.763333,-12.6015,59.4,15.7,0.03,39.66783
0,1,부산광역시동 구,0.681,49.8,51 ,0,88901 ,1.3,3.763333,-12.6015,59.4,15.7,0.035,39.031
0,1,부산광역시동래구,0.681,36.8,98 ,0,270745 ,0.9,3.763333,-12.6015,59.4,15.7,0.03,40.99583
0,0,부산광역시부산진구,0.681,38,143 ,0,359886 ,1.1,3.763333,-12.6015,59.4,15.7,0.025,42.565
0,1,부산광역시북 구,0.5347,38.2,66 ,0,283952 ,1.1,3.763333,-12.6015,59.4,15.7,0.032,39.81333
1,0,부산광역시사상구,1.1884,40.7,1916 ,0,212586 ,1.5,3.763333,-12.6015,59.4,15.7,0.025,45.50942
0,0,부산광역시사하구,0.7594,37.7,1433 ,0,311757 ,1.4,3.763333,-12.6015,59.4,15.7,0.029,41.19917
0,1,부산광역시서 구,0.681,37,110 ,0,108135 ,1.3,3.763333,-12.6015,59.4,15.7,0.033,41.445
0,1,부산광역시수영구,0.6217,42.9,47 ,0,176894 ,1,3.763333,-12.6015,59.4,15.7,0.032,41.27677
0,0,부산광역시연제구,0.7594,40.5,92 ,0,209157 ,1,3.763333,-12.6015,59.4,15.7,0.028,39.28967
0,1,부산광역시영도구,0.7594,37.6,668 ,0,113342 ,1.2,3.763333,-12.6015,59.4,15.7,0.042,34.47533
0,0,부산광역시중 구,0.7594,77.5,34 ,0,41523 ,2,3.763333,-12.6015,59.4,15.7,0.029,39.684
0,1,부산광역시해운대구,0.7594,36.2,232 ,0,402169 ,1.1,3.763333,-12.6015,59.4,15.7,0.36,34.1655
1,0,서울특별시강남구,0.9742,34.2,224 ,0,539231 ,1.3,3.553333,-40.124,64.28333,13.7,0.022,48.63703
1,0,서울특별시강동구,0.9742,36.3,81 ,0,459970 ,0.8,3.553333,-40.124,64.28333,13.7,0.02,51.86978
1,0,서울특별시강북구,0.9742,39.9,95 ,0,308055 ,0.8,3.553333,-40.124,64.28333,13.7,0.022,51.60807
1,0,서울특별시강서구,0.9742,37.7,673 ,0,580185 ,0.9,3.553333,-40.124,64.28333,13.7,0.022,53.20235
0,0,서울특별시관악구,0.9742,33.5,58 ,0,495060 ,0.8,3.553333,-40.124,64.28333,13.7,0.02,41.63903
1,0,서울특별시광진구,0.9742,34.8,143 ,0,346682 ,1,3.553333,-40.124,64.28333,13.7,0.019,43.35727
1,0,서울특별시구로구,0.9285,38,1142 ,0,404408 ,0.8,3.553333,-40.124,64.28333,13.7,0.026,50.06644
1,0,서울특별시금천구,0.9285,38.1,3627 ,0,231733 ,1.2,3.553333,-40.124,64.28333,13.7,0.018,52.46457
1,0,서울특별시노원구,0.9285,34.5,123 ,0,523037 ,0.8,3.553333,-40.124,64.28333,13.7,0.02,48.97822
0,0,서울특별시도봉구,0.9285,35.3,125 ,0,325257 ,0.9,3.553333,-40.124,64.28333,13.7,0.025,41.11459
1,0,서울특별시동대문구,0.9285,34.1,201 ,0,342837 ,1.3,3.553333,-40.124,64.28333,13.7,0.021,45.15066
1,0,서울특별시동작구,0.9285,31.4,37 ,0,391220 ,0.8,3.553333,-40.124,64.28333,13.7,0.018,50.02239
1,0,서울특별시마포구,0.9325,34.5,90 ,0,371890 ,1,3.553333,-40.124,64.28333,13.7,0.019,46.09744
0,0,서울특별시서대문구,0.9325,34.3,55 ,0,312173 ,0.9,3.553333,-40.124,64.28333,13.7,0.024,40.61098
1,0,서울특별시서초구,0.9375,34.6,205 ,0,425126 ,1.2,3.553333,-40.124,64.28333,13.7,0.028,49.87903
1,0,서울특별시성동구,0.9375,37.5,1384 ,0,293556 ,1,3.553333,-40.124,64.28333,13.7,0.022,46.16256
1,0,서울특별시성북구,0.9375,33,91 ,0,437153 ,0.8,3.553333,-40.124,64.28333,13.7,0.021,46.619
0,0,서울특별시송파구,0.9376,34.9,439 ,0,667960 ,1.1,3.553333,-40.124,64.28333,13.7,0.019,42.9732
1,0,서울특별시양천구,0.9376,34.7,118 ,0,454251 ,0.9,3.553333,-40.124,64.28333,13.7,0.02,50.79228
1,0,서울특별시영등포구,0.9376,36.2,851 ,0,379480 ,1.2,3.553333,-40.124,64.28333,13.7,0.02,46.68843
1,0,서울특별시용산구,0.9376,32.1,72 ,0,230040 ,1.3,3.553333,-40.124,64.28333,13.7,0.02,49.83833
1,0,서울특별시은평구,0.9376,34.2,75 ,0,479835 ,0.8,3.553333,-40.124,64.28333,13.7,0.025,44.20703
1,0,서울특별시종로구,0.9376,32.7,168 ,0,149384 ,1.8,3.553333,-40.124,64.28333,13.7,0.019,46.83483
1,0,서울특별시중 구,0.9376,37.9,1148 ,0,125240 ,2.9,3.553333,-40.124,64.28333,13.7,0.02,50.79526
1,0,서울특별시중랑구,0.9376,37.1,372 ,0,394702 ,0.9,3.553333,-40.124,64.28333,13.7,0.019,45.17893
0,1,울산광역시남 구,1.1989,34.4,558 ,0,320064 ,1.3,3.763333,-12.6015,50.93333,14.9,0.033,39.49968
0,1,울산광역시동 구,1.1398,31.7,22 ,0,156806 ,1.4,3.763333,-12.6015,50.93333,14.9,0.031,35.53156
0,0,울산광역시북 구,0.7445,36.7,657 ,0,219014 ,1.2,3.763333,-12.6015,50.93333,14.9,0.027,41.83646633
0,1,울산광역시울주군,0.8269,42.1,1641 ,0,222538 ,1.3,3.763333,-12.6015,50.93333,14.9,0.031,36.30002
0,1,울산광역시중 구,0.7445,32.9,77 ,0,217595 ,0.8,3.763333,-12.6015,50.93333,14.9,0.031,36.10801
0,1,인천광역시강화군,0.4148,50.9,234 ,0,69203 ,1.2,3.63,-62.1675,48.05,13.4,0.032,41.40527
1,0,인천광역시계양구,0.6148,51.8,516 ,0,296750 ,1.1,3.63,-62.1675,54.31667,13.4,0.029,45.85399
1,0,인천광역시남동구,0.7113,39.8,5152 ,0,525354 ,0.9,3.63,-62.1675,54.31667,13.4,0.021,47.3205
1,0,인천광역시동 구,0.6148,39.9,229 ,0,62542 ,0.9,3.63,-62.1675,54.31667,13.4,0.025,47.62343
1,0,인천광역시미추홀구,0.7113,38.6,956 ,0,404343 ,0.8,3.63,-62.1675,54.31667,13.4,0.025,45.6914
1,0,인천광역시부평구,0.7269,35.7,1421 ,0,494962 ,0.8,3.63,-62.1675,54.31667,13.4,0.023,48.73826
1,0,인천광역시서 구,0.6148,38.2,3667 ,0,542040 ,1.6,3.63,-62.1675,54.31667,13.4,0.028,48.09917
1,0,인천광역시연수구,0.6148,36.6,294 ,0,387450 ,0.6,3.63,-62.1675,54.31667,13.4,0.024,46.23811
1,1,인천광역시옹진군,0.6148,26.8,24 ,6,20455 ,0.9,3.63,-62.1675,41.78333,13.4,0.041,43.53275
1,0,인천광역시중 구,0.7113,49.1,148 ,0,139729 ,1.8,3.63,-62.1675,54.31667,13.4,0.027,51.75451
0,1,전라남도강진군,0.0958,42.5,163 ,0,34597 ,0.9,4.86,87.85458,50.33333,14.8,0.039,34.6
0,0,전라남도고흥군,0.4158,38.7,213 ,0,63922 ,1.1,4.86,87.85458,45.73333,14.3,0.029,34
0,0,전라남도곡성군,0.0958,41.2,111 ,0,28039 ,1.7,4.86,87.85458,53.51667,13.5,0.029,39.83333333
0,1,전라남도광양시,0.4158,39.5,580 ,0,151769 ,1.5,4.86,87.85458,47.18333,15.5,0.033,37.66666667
0,1,전라남도구례군,0.4158,39.1,59 ,0,25719 ,2.4,4.86,87.85458,53.51667,13.5,0.031,38.33333333
0,1,전라남도나주시,0.0958,38.8,692 ,0,115613 ,1,4.86,87.85458,44.61667,15.5,0.037,34.33333333
1,0,전라남도담양군,0.0958,42.7,636 ,0,46280 ,1.3,4.86,87.85458,44.61667,14,0.021,45.66666667
1,0,전라남도목포시,0.0958,36.8,420 ,0,224044 ,1.2,4.86,87.85458,46.21667,15.5,0.022,45.16666667
1,1,전라남도무안군,0.0958,39,305 ,0,86132 ,1.4,4.86,87.85458,43.48333,14,0.034,46
0,1,전라남도보성군,0.4158,55,186 ,0,40482 ,1.2,4.86,87.85458,57.51667,15,0.032,40.5
0,1,전라남도순천시,0.4158,38.3,652 ,1,282189 ,1.1,4.86,87.85458,53.51667,13.5,0.034,36.2
0,1,전라남도신안군,0.0958,35,71 ,0,38938 ,1.7,4.86,87.85458,47.35,13.9,0.044,37
0,0,전라남도여수시,0.4158,38.6,649 ,3,280242 ,1.9,4.86,87.85458,47.41667,15.7,0.018,32.5
1,1,전라남도영광군,0.0958,38.2,232 ,0,53099 ,0.9,4.86,87.85458,47.96667,14,0.039,44.5
0,1,전라남도영암군,0.0958,47.9,506 ,0,53699 ,1.8,4.86,87.85458,43.48333,14,0.032,34
0,1,전라남도완도군,0.0958,34.4,276 ,0,49916 ,1.6,4.86,87.85458,62.53333,15.6,0.03,32.5
0,0,전라남도장성군,0.0958,41.2,522 ,0,44464 ,1.5,4.86,87.85458,44.61667,14,0.029,41.66666667
0,1,전라남도장흥군,0.4158,39.1,174 ,0,37800 ,1.2,4.86,87.85458,52.2,14.2,0.039,37
0,1,전라남도진도군,0.0958,36.2,95 ,0,31227 ,1.7,4.86,87.85458,57.48333,13.9,0.033,39.16666667
1,0,전라남도함평군,0.0958,39.1,258 ,0,32050 ,1.3,4.86,87.85458,44.61667,14,0.026,45.83333333
0,1,전라남도해남군,0.0958,37.7,411 ,0,68806 ,1.7,4.86,87.85458,43.48333,13.9,0.037,38.33333333
0,0,전라남도화순군,0.0958,51.4,322 ,0,62522 ,1.2,4.86,87.85458,52.2,14,0.025,34.16666667
0,1,전라북도고창군,0.3531,38,188 ,0,54529 ,1.2,4.711667,-71.0683,33.36667,14,0.037,41.6
1,0,전라북도군산시,0.3531,39.2,1195 ,0,267859 ,1.8,4.711667,-71.0683,39.63333,13.9,0.021,50
1,1,전라북도김제시,0.3531,35.9,838 ,0,82450 ,2.3,4.711667,-71.0683,40.1,14.6,0.032,50.83333333
0,1,전라북도남원시,0.3531,39.6,371 ,0,80662 ,1.4,4.711667,-71.0683,40.5,13.4,0.03,36.83333333
0,1,전라북도무주군,0.3531,38.4,63 ,0,24036 ,1.6,4.711667,-71.0683,53.51667,11.6,0.031,36.5
1,1,전라북도부안군,0.3531,37.5,262 ,0,52140 ,1.2,4.711667,-71.0683,47.18333,14,0.037,49.4
1,1,전라북도순창군,0.3531,36.8,137 ,0,27810 ,0.7,4.711667,-71.0683,51.56667,13.6,0.033,46
1,1,전라북도완주군,0.3531,43.6,667 ,0,91609 ,1.2,4.711667,-71.0683,61.18333,14.6,0.031,45
1,1,전라북도익산시,0.3531,38.2,1643 ,0,282276 ,1,4.711667,-71.0683,39.63333,13.9,0.033,48
1,0,전라북도임실군,0.3531,40.8,117 ,0,27314 ,0.6,4.711667,-71.0683,51.03333,12.5,0.014,46.33333333
0,1,전라북도장수군,0.3531,37.3,99 ,0,22085 ,1.3,4.711667,-71.0683,53.51667,11.6,0.036,34.66666667
1,1,전라북도전주시,0.3531,37.6,623 ,0,657432 ,0.9,4.711667,-71.0683,40.1,14.6,0.03,48.33333333
0,1,전라북도정읍시,0.3531,39.3,532 ,0,108508 ,1.1,4.711667,-71.0683,50.85,13.8,0.034,42.33333333
0,1,전라북도진안군,0.3531,39.3,133 ,0,25394 ,3.3,4.711667,-71.0683,61.18333,14.6,0.03,37.66666667
0,1,제주특별자치도서귀포시,0.6,32.9,172 ,1,182169 ,2,8.931667,30.51865,86.45,17.5,0.044,35.66666667
0,1,제주특별자치도제주시,0.6,45.3,546 ,2,492466 ,1.9,8.931667,30.51865,61.16667,17.5,0.037,40.33333333
0,0,충청남도계룡시,0.4871,40.3,75 ,0,42822 ,0.9,3.38,-82.6393,38.9,13.3,0.025,40.6
1,0,충청남도공주시,0.4871,40.4,608 ,0,104545 ,0.9,3.38,-82.6393,38.9,12.5,0.027,44.66666667
1,0,충청남도금산군,0.8213,42.2,867 ,0,51413 ,1.3,3.38,-82.6393,36.71667,12.9,0.025,46
1,0,충청남도논산시,0.5912,40.9,825 ,0,116675 ,1.6,3.38,-82.6393,38.9,13.3,0.023,48.6
1,0,충청남도당진시,1.3114,41.5,966 ,11,166249 ,1.3,3.38,-82.6393,56.66667,13.2,0.029,62.16666667
1,0,충청남도보령시,0.5912,37.5,448 ,8,100229 ,1.1,3.38,-82.6393,35.88333,13.8,0.027,53.5
1,0,충청남도부여군,0.5912,41,173 ,0,65354 ,1.4,3.38,-82.6393,38.9,13.3,0.028,51.5
1,1,충청남도서산시,0.8213,39.9,449 ,0,175591 ,1.2,3.38,-82.6393,56.66667,13.2,0.037,48.5
1,0,충청남도서천군,0.8213,38,233 ,1,51866 ,1.8,3.38,-82.6393,35.88333,13.3,0.028,48.33333333
1,0,충청남도아산시,1.0305,39.1,2212 ,0,316129 ,2,3.38,-82.6393,34.73333,12.5,0.026,56.5
1,0,충청남도연기군,0.5912,0,28 ,1,0 ,0,3.38,-82.6393,34.73333,12.5,0.027,61.5
1,0,충청남도예산군,0.5912,39.7,439 ,0,78084 ,1,3.38,-82.6393,43.65,13.3,0.028,51.5
1,0,충청남도천안시,1.0305,37.3,1695 ,0,658808 ,1.2,3.38,-82.6393,34.73333,12.5,0.013,51.83333333
1,1,충청남도청양군,0.5912,41.2,132 ,0,30948 ,1.2,3.38,-82.6393,43.65,13.3,0.03,48.16666667
1,0,충청남도태안군,0.8213,36.2,106 ,10,62214 ,1.1,3.38,-82.6393,43.65,13.2,0.026,48.83333333
1,0,충청남도홍성군,0.5912,39.7,386 ,0,100102 ,1.1,3.38,-82.6393,43.65,13.3,0.028,46.16666667
0,0,충청북도괴산군,0.5912,38.1,293 ,0,39393 ,1.4,3.246667,-21.3873,37,14.4,0.028,41.66666667
0,0,충청북도단양군,1.3172,41.4,106 ,0,29155 ,2.4,3.246667,-21.3873,43.16667,11.2,0.017,40.33333333
1,0,충청북도보은군,0.5912,40,187 ,0,32412 ,1.2,3.246667,-21.3873,37,12.1,0.028,43.5
0,0,충청북도영동군,0.5912,36.4,156 ,0,47475 ,1.4,3.246667,-21.3873,33.66667,12.3,0.028,42
1,0,충청북도옥천군,0.5912,39.3,437 ,0,50527 ,2.1,3.246667,-21.3873,37,12.3,0.024,43.83333333
1,0,충청북도음성군,0.5912,42.2,2228 ,0,93153 ,1.7,3.246667,-21.3873,35.15,12.4,0.028,47.33333333
1,0,충청북도제천시,0.5912,40,396 ,0,133018 ,1.4,3.246667,-21.3873,43.16667,11.2,0.024,47.4
1,0,충청북도증평군,0.5912,41.2,134 ,0,36807 ,1.5,3.246667,-21.3873,37,12.3,0.025,49.66666667
1,0,충청북도진천군,0.5912,41,1211 ,0,83718 ,1.6,3.246667,-21.3873,31.41667,14.4,0.025,48
1,0,충청북도청원군,0.5912,0,17 ,0,194373 ,0,3.246667,-21.3873,31.41667,14.4,0.025,48
1,0,충청북도청주시,0.5276,38.4,798 ,0,844993 ,1.3,3.246667,-21.3873,31.41667,14.4,0.023,48
1,0,충청북도충주시,0.5276,38.6,800 ,0,210186 ,1.6,3.246667,-21.3873,35.15,12.4,0.027,48
